time,open,high,low,close,volume
,AAPL,AAPL,AAPL,AAPL,AAPL
2026-07-30 09:30:00-04:00,334.1099853515625,334.4800109863281,332.3999938964844,332.739990234375,3832417
2026-07-30 09:35:00-04:00,332.69000244140625,332.9700012207031,331.2099914550781,331.2950134277344,1310090
2026-07-30 09:40:00-04:00,331.30999755859375,332.739990234375,330.710205078125,332.19000244140625,1127584
2026-07-30 09:45:00-04:00,332.17498779296875,332.4800109863281,331.25,331.55499267578125,1167207
2026-07-30 09:50:00-04:00,331.54998779296875,333.17999267578125,331.3399963378906,332.3106994628906,987403
2026-07-30 09:55:00-04:00,332.2699890136719,332.3500061035156,331.43499755859375,332.1499938964844,776663
2026-07-30 10:00:00-04:00,332.0799865722656,332.1239929199219,330.57000732421875,330.75,949672
2026-07-30 10:05:00-04:00,330.7300109863281,332.8699951171875,330.3500061035156,332.79998779296875,987188
2026-07-30 10:10:00-04:00,332.80499267578125,332.82000732421875,331.1600036621094,331.3999938964844,720062
2026-07-30 10:15:00-04:00,331.4049987792969,331.9800109863281,331.1099853515625,331.44000244140625,576922
2026-07-30 10:20:00-04:00,331.4599914550781,332.1700134277344,331.3299865722656,331.5899963378906,624066
2026-07-30 10:25:00-04:00,331.6000061035156,332.2900085449219,331.25,331.30999755859375,519720
2026-07-30 10:30:00-04:00,331.29998779296875,331.29998779296875,329.760009765625,329.8599853515625,803285
2026-07-30 10:35:00-04:00,329.8550109863281,331.5,329.5899963378906,331.1400146484375,880249
2026-07-30 10:40:00-04:00,331.1400146484375,332.239990234375,331.1199951171875,332.0799865722656,768441
2026-07-30 10:45:00-04:00,332.07000732421875,332.3999938964844,331.739990234375,332.2300109863281,528790
2026-07-30 10:50:00-04:00,332.2438049316406,332.6400146484375,331.7699890136719,331.9700012207031,573888
2026-07-30 10:55:00-04:00,331.989990234375,332.3299865722656,331.4949951171875,332.3299865722656,373059
2026-07-30 11:00:00-04:00,332.3399963378906,332.3399963378906,331.3500061035156,331.8399963378906,597286
2026-07-30 11:05:00-04:00,331.864990234375,333.0,331.57501220703125,332.7799987792969,647614
2026-07-30 11:10:00-04:00,332.79998779296875,333.03228759765625,331.45001220703125,331.4700012207031,401029
2026-07-30 11:15:00-04:00,331.489990234375,332.07000732421875,331.29998779296875,331.635009765625,363818
2026-07-30 11:20:00-04:00,331.6300048828125,331.739990234375,331.10009765625,331.20001220703125,466708
2026-07-30 11:25:00-04:00,331.20001220703125,331.6000061035156,331.0199890136719,331.2200012207031,364090
2026-07-30 11:30:00-04:00,331.2349853515625,332.07000732421875,331.1499938964844,332.0299987792969,319099
2026-07-30 11:35:00-04:00,332.04998779296875,332.1094055175781,331.57000732421875,331.7200012207031,1630738
2026-07-30 11:40:00-04:00,331.7200012207031,332.3399963378906,331.6000061035156,332.1400146484375,368586
2026-07-30 11:45:00-04:00,332.1499938964844,332.4200134277344,331.7898864746094,331.8349914550781,334296
2026-07-30 11:50:00-04:00,331.8500061035156,332.0400085449219,331.3399963378906,331.7049865722656,366403
2026-07-30 11:55:00-04:00,331.7200012207031,332.1199951171875,331.6099853515625,331.760009765625,385573
2026-07-30 12:00:00-04:00,331.75,331.75,330.8900146484375,331.04998779296875,519834
2026-07-30 12:05:00-04:00,331.07000732421875,331.2850036621094,330.6300048828125,330.9800109863281,504683
2026-07-30 12:10:00-04:00,330.9599914550781,331.43499755859375,330.8399963378906,331.2099914550781,350889
2026-07-30 12:15:00-04:00,331.2049865722656,332.6000061035156,331.0950012207031,332.0400085449219,534745
2026-07-30 12:20:00-04:00,332.05999755859375,332.43499755859375,331.7305908203125,331.94000244140625,411548
2026-07-30 12:25:00-04:00,331.93499755859375,332.3500061035156,331.760009765625,332.0899963378906,335587
2026-07-30 12:30:00-04:00,332.0899963378906,332.1400146484375,331.4049987792969,331.8299865722656,290273
2026-07-30 12:35:00-04:00,331.82000732421875,332.1700134277344,331.760009765625,332.0150146484375,365337
2026-07-30 12:40:00-04:00,332.0299072265625,332.2491149902344,331.5899963378906,332.125,482413
2026-07-30 12:45:00-04:00,332.125,332.3699951171875,331.82000732421875,332.1199951171875,351061
2026-07-30 12:50:00-04:00,332.1400146484375,332.26129150390625,331.989990234375,332.1300048828125,531919
2026-07-30 12:55:00-04:00,332.1400146484375,332.1700134277344,331.5799865722656,331.6199951171875,272087
2026-07-30 13:00:00-04:00,331.6199951171875,332.25,331.6199951171875,332.1600036621094,265271
2026-07-30 13:05:00-04:00,332.1700134277344,332.2699890136719,332.04998779296875,332.25,212767
2026-07-30 13:10:00-04:00,332.260009765625,332.8500061035156,332.2560119628906,332.7099914550781,377652
2026-07-30 13:15:00-04:00,332.7200012207031,332.7699890136719,332.25,332.55999755859375,369986
2026-07-30 13:20:00-04:00,332.54998779296875,332.57000732421875,332.1300048828125,332.2900085449219,304738
2026-07-30 13:25:00-04:00,332.2900085449219,332.33599853515625,331.989990234375,332.0899963378906,245294
2026-07-30 13:30:00-04:00,332.0799865722656,332.3999938964844,331.7200927734375,331.9100036621094,257110
2026-07-30 13:35:00-04:00,331.95001220703125,332.389892578125,331.9100036621094,332.15008544921875,271921
2026-07-30 13:40:00-04:00,332.20001220703125,332.7799987792969,331.9800109863281,332.6499938964844,192787
2026-07-30 13:45:00-04:00,332.6400146484375,332.739990234375,332.4599914550781,332.69000244140625,211852
2026-07-30 13:50:00-04:00,332.69000244140625,333.1659851074219,332.6492919921875,332.92999267578125,279375
2026-07-30 13:55:00-04:00,332.95001220703125,333.30999755859375,332.8699951171875,333.2950134277344,297313
2026-07-30 14:00:00-04:00,333.30999755859375,333.9800109863281,333.0150146484375,333.0249938964844,394208
2026-07-30 14:05:00-04:00,333.0498962402344,333.510009765625,333.0115966796875,333.19500732421875,320802
2026-07-30 14:10:00-04:00,333.19500732421875,333.4599914550781,333.0299987792969,333.2749938964844,429762
2026-07-30 14:15:00-04:00,333.2799987792969,333.739990234375,333.2749938964844,333.6549987792969,342328
2026-07-30 14:20:00-04:00,333.6400146484375,333.6400146484375,332.95001220703125,333.0602111816406,314473
2026-07-30 14:25:00-04:00,333.07501220703125,333.20001220703125,332.7341003417969,333.1000061035156,282961
2026-07-30 14:30:00-04:00,333.1199951171875,333.6199951171875,332.8999938964844,333.5899963378906,275976
2026-07-30 14:35:00-04:00,333.5799865722656,333.65020751953125,333.375,333.55999755859375,268954
2026-07-30 14:40:00-04:00,333.55999755859375,333.7550048828125,333.4700012207031,333.5299987792969,309637
2026-07-30 14:45:00-04:00,333.5400085449219,333.9996032714844,333.4200134277344,333.9100036621094,314613
2026-07-30 14:50:00-04:00,333.9100036621094,334.0899963378906,333.739990234375,333.9798889160156,319800
2026-07-30 14:55:00-04:00,333.94000244140625,334.0799865722656,333.7123107910156,333.75,335983
2026-07-30 15:00:00-04:00,333.7349853515625,334.0166015625,333.4599914550781,333.80999755859375,464471
2026-07-30 15:05:00-04:00,333.80499267578125,333.885009765625,333.4054870605469,333.6099853515625,426958
2026-07-30 15:10:00-04:00,333.6099853515625,333.8999938964844,333.5299987792969,333.6549987792969,371774
2026-07-30 15:15:00-04:00,333.6600036621094,333.95001220703125,333.5,333.8699951171875,440607
2026-07-30 15:20:00-04:00,333.875,333.8999938964844,333.1300048828125,333.45001220703125,477436
2026-07-30 15:25:00-04:00,333.4649963378906,333.739990234375,333.1499938964844,333.1600036621094,762082
2026-07-30 15:30:00-04:00,333.1600036621094,333.5299987792969,332.79998779296875,333.25,913787
2026-07-30 15:35:00-04:00,333.25,333.5799865722656,333.1300048828125,333.4700012207031,525951
2026-07-30 15:40:00-04:00,333.4649963378906,333.55999755859375,332.9100036621094,333.0050048828125,576772
2026-07-30 15:45:00-04:00,333.010009765625,333.114990234375,332.30999755859375,332.6549987792969,774447
2026-07-30 15:50:00-04:00,332.6300048828125,333.19000244140625,332.4800109863281,332.864990234375,1139941
2026-07-30 15:55:00-04:00,332.8500061035156,334.75,332.5299987792969,333.8500061035156,2104603
2026-07-31 09:30:00-04:00,304.80999755859375,306.8999938964844,300.54998779296875,302.1099853515625,16977324
2026-07-31 09:35:00-04:00,302.30999755859375,303.3500061035156,300.9200134277344,301.32000732421875,5423499
2026-07-31 09:40:00-04:00,301.19000244140625,304.9100036621094,300.3299865722656,304.7900085449219,3843272
2026-07-31 09:45:00-04:00,304.7799987792969,305.9198913574219,304.0799865722656,305.17999267578125,3476263
2026-07-31 09:50:00-04:00,305.2062072753906,305.5,304.29998779296875,304.81890869140625,1841422
2026-07-31 09:55:00-04:00,304.82501220703125,305.45001220703125,302.5199890136719,302.7900085449219,1975410
2026-07-31 10:00:00-04:00,302.7900085449219,303.32000732421875,301.35009765625,302.1199951171875,2381993
2026-07-31 10:05:00-04:00,302.0950012207031,302.94000244140625,301.8399963378906,302.8800048828125,1560619
2026-07-31 10:10:00-04:00,302.8340148925781,303.06500244140625,301.3599853515625,302.1361083984375,1659992
2026-07-31 10:15:00-04:00,302.1449890136719,302.8494873046875,301.6499938964844,302.53009033203125,1156895
2026-07-31 10:20:00-04:00,302.510009765625,303.56988525390625,302.3900146484375,303.2099914550781,1005635
2026-07-31 10:25:00-04:00,303.18499755859375,303.539306640625,302.5799865722656,302.739990234375,969301
2026-07-31 10:30:00-04:00,302.7550048828125,302.99798583984375,301.9200134277344,301.94000244140625,916124
2026-07-31 10:35:00-04:00,301.92498779296875,302.5799865722656,301.70001220703125,302.260009765625,736406
2026-07-31 10:40:00-04:00,302.2799987792969,302.79998779296875,302.0400085449219,302.43499755859375,754471
2026-07-31 10:45:00-04:00,302.4200134277344,302.6600036621094,302.05999755859375,302.57000732421875,850467
2026-07-31 10:50:00-04:00,302.57000732421875,302.760009765625,302.1700134277344,302.4299011230469,736670
2026-07-31 10:55:00-04:00,302.3999938964844,303.20001220703125,301.95001220703125,303.1600036621094,1041765
2026-07-31 11:00:00-04:00,303.1600036621094,303.239990234375,302.3207092285156,302.635009765625,1038019
2026-07-31 11:05:00-04:00,302.6300048828125,302.95001220703125,302.4599914550781,302.8900146484375,729965
2026-07-31 11:10:00-04:00,302.9200134277344,303.0794982910156,302.5299987792969,302.9949951171875,943185
2026-07-31 11:15:00-04:00,302.9949951171875,304.0295104980469,302.760009765625,303.8901062011719,1036812
2026-07-31 11:20:00-04:00,303.8900146484375,304.25,302.9230041503906,302.95001220703125,775731
2026-07-31 11:25:00-04:00,302.9551086425781,303.0799865722656,301.6400146484375,301.7300109863281,1338201
2026-07-31 11:30:00-04:00,301.7300109863281,302.3599853515625,301.7250061035156,302.2731018066406,825577
2026-07-31 11:35:00-04:00,302.2900085449219,302.82000732421875,302.04998779296875,302.1600036621094,1148491
2026-07-31 11:40:00-04:00,302.19000244140625,302.33990478515625,301.44000244140625,301.95001220703125,1079267
2026-07-31 11:45:00-04:00,301.95001220703125,302.35699462890625,300.739990234375,300.88580322265625,1009135
2026-07-31 11:50:00-04:00,300.864990234375,301.4219970703125,300.3999938964844,301.3999938964844,973176
2026-07-31 11:55:00-04:00,301.3900146484375,301.7200012207031,300.8900146484375,301.2950134277344,1066775
2026-07-31 12:00:00-04:00,301.2850036621094,301.59991455078125,300.8999938964844,301.3399963378906,675613
2026-07-31 12:05:00-04:00,301.3550109863281,301.45001220703125,301.1199951171875,301.2300109863281,392585
2026-07-31 12:10:00-04:00,301.2674865722656,302.1400146484375,301.19000244140625,302.114990234375,492330
2026-07-31 12:15:00-04:00,302.1050109863281,302.3399963378906,301.1300048828125,301.1549987792969,861254
2026-07-31 12:20:00-04:00,301.17498779296875,301.614013671875,301.1400146484375,301.44500732421875,569919
2026-07-31 12:25:00-04:00,301.45001220703125,301.5799865722656,300.4700012207031,300.5400085449219,763094
2026-07-31 12:30:00-04:00,300.55999755859375,300.67999267578125,300.0,300.5350036621094,1356643
2026-07-31 12:35:00-04:00,300.5199890136719,301.010009765625,300.3500061035156,300.54998779296875,645228
2026-07-31 12:40:00-04:00,300.54779052734375,300.9800109863281,300.2099914550781,300.364990234375,820080
2026-07-31 12:45:00-04:00,300.3599853515625,301.1099853515625,300.2449951171875,300.7799987792969,559159
2026-07-31 12:50:00-04:00,300.7900085449219,301.54998779296875,300.57000732421875,300.7200012207031,730942
2026-07-31 12:55:00-04:00,300.7300109863281,300.9700012207031,300.3900146484375,300.8699951171875,590605
2026-07-31 13:00:00-04:00,300.8599853515625,301.83428955078125,300.8550109863281,301.5849914550781,624192
2026-07-31 13:05:00-04:00,301.5899963378906,301.7799987792969,301.1499938964844,301.1709899902344,501552
2026-07-31 13:10:00-04:00,301.1700134277344,301.6000061035156,300.9599914550781,301.5199890136719,498692
2026-07-31 13:15:00-04:00,301.5150146484375,301.82000732421875,301.20001220703125,301.57501220703125,609988
2026-07-31 13:20:00-04:00,301.5790100097656,301.6549987792969,301.25,301.3500061035156,495017
2026-07-31 13:25:00-04:00,301.3399963378906,301.45001220703125,301.0400085449219,301.20001220703125,381652
2026-07-31 13:30:00-04:00,301.20001220703125,301.57000732421875,301.1000061035156,301.468994140625,489552
2026-07-31 13:35:00-04:00,301.4599914550781,301.7200012207031,301.2699890136719,301.3900146484375,413729
2026-07-31 13:40:00-04:00,301.3999938964844,301.6000061035156,301.2900085449219,301.30499267578125,409872
2026-07-31 13:45:00-04:00,301.30499267578125,301.42999267578125,301.0600891113281,301.1600036621094,439558
2026-07-31 13:50:00-04:00,301.1698913574219,301.2650146484375,300.5350036621094,300.67999267578125,3631086
2026-07-31 13:55:00-04:00,300.69000244140625,300.8699951171875,300.5,300.6400146484375,521004
2026-07-31 14:00:00-04:00,300.6400146484375,301.2900085449219,300.5950012207031,301.07501220703125,619856
2026-07-31 14:05:00-04:00,301.06500244140625,301.2250061035156,300.69500732421875,300.9549865722656,727988
2026-07-31 14:10:00-04:00,300.9700012207031,302.0950012207031,300.94000244140625,301.9949951171875,845009
2026-07-31 14:15:00-04:00,302.0050048828125,302.0899963378906,301.6099853515625,302.0299987792969,490080
2026-07-31 14:20:00-04:00,302.0199890136719,302.4200134277344,301.9700012207031,302.3299865722656,518716
2026-07-31 14:25:00-04:00,302.3399963378906,302.3599853515625,301.67999267578125,301.7300109863281,469209
2026-07-31 14:30:00-04:00,301.760009765625,302.1600036621094,301.7449951171875,302.0610046386719,584037
2026-07-31 14:35:00-04:00,302.06500244140625,302.16009521484375,301.8500061035156,302.0150146484375,471781
2026-07-31 14:40:00-04:00,302.0150146484375,302.3450012207031,301.8901062011719,302.3223876953125,606593
2026-07-31 14:45:00-04:00,302.31500244140625,302.5299987792969,302.04010009765625,302.2950134277344,616119
2026-07-31 14:50:00-04:00,302.2950134277344,303.0,302.239990234375,302.885009765625,803325
2026-07-31 14:55:00-04:00,302.885009765625,302.9446105957031,302.4200134277344,302.8299865722656,662949
2026-07-31 15:00:00-04:00,302.8399963378906,303.94000244140625,302.7799987792969,303.75,1054178
2026-07-31 15:05:00-04:00,303.7550048828125,304.5299987792969,303.6499938964844,304.4150085449219,1262330
2026-07-31 15:10:00-04:00,304.4100036621094,304.8699951171875,304.3900146484375,304.5799865722656,1137472
2026-07-31 15:15:00-04:00,304.5849914550781,305.7099914550781,304.5299987792969,305.24200439453125,2478844
2026-07-31 15:20:00-04:00,305.239990234375,305.39990234375,304.635009765625,305.3450012207031,1121798
2026-07-31 15:25:00-04:00,305.3450012207031,305.7049865722656,305.1099853515625,305.6549987792969,1052537
2026-07-31 15:30:00-04:00,305.6600036621094,305.864990234375,305.07000732421875,305.8599853515625,1678978
2026-07-31 15:35:00-04:00,305.8699951171875,306.4100036621094,305.0199890136719,305.1400146484375,1445349
2026-07-31 15:40:00-04:00,305.1400146484375,306.6199951171875,305.1099853515625,306.5350036621094,1690899
2026-07-31 15:45:00-04:00,306.5400085449219,307.3299865722656,306.1300048828125,306.7099914550781,2595918
2026-07-31 15:50:00-04:00,306.69000244140625,309.9999084472656,306.67999267578125,309.7200012207031,5099150
2026-07-31 15:55:00-04:00,309.7099914550781,310.6600036621094,307.6400146484375,309.0299987792969,8132664
2026-08-03 09:30:00-04:00,309.79998779296875,310.0299987792969,305.1700134277344,308.2799987792969,5055247
2026-08-03 09:35:00-04:00,308.2850036621094,308.4800109863281,306.4100036621094,306.9200134277344,1222718
2026-08-03 09:40:00-04:00,306.943115234375,308.4599914550781,306.0,306.135009765625,1101759
2026-08-03 09:45:00-04:00,306.135009765625,306.7398986816406,305.54998779296875,306.67999267578125,1100411
2026-08-03 09:50:00-04:00,306.739990234375,308.29998779296875,306.7300109863281,308.2950134277344,907429
2026-08-03 09:55:00-04:00,308.2699890136719,308.2850036621094,305.7699890136719,305.91900634765625,878877
2026-08-03 10:00:00-04:00,305.9100036621094,305.9100036621094,304.3399963378906,304.6000061035156,1467931
2026-08-03 10:05:00-04:00,304.585693359375,305.6300048828125,304.3900146484375,305.5299987792969,839531
2026-08-03 10:10:00-04:00,305.5199890136719,306.6700134277344,305.04998779296875,306.510009765625,834152
2026-08-03 10:15:00-04:00,306.5050048828125,307.21551513671875,306.05999755859375,306.2149963378906,632790
2026-08-03 10:20:00-04:00,306.2149963378906,306.32000732421875,305.5950012207031,306.010009765625,720428
2026-08-03 10:25:00-04:00,306.010009765625,306.0199890136719,305.510009765625,305.55010986328125,420596
2026-08-03 10:30:00-04:00,305.54998779296875,305.67999267578125,305.25,305.625,710885
2026-08-03 10:35:00-04:00,305.639892578125,306.177001953125,305.3999938964844,305.5000915527344,752074
2026-08-03 10:40:00-04:00,305.5150146484375,305.8999938964844,305.340087890625,305.7550048828125,504904
2026-08-03 10:45:00-04:00,305.7550048828125,306.44000244140625,305.0801086425781,305.2799987792969,872522
2026-08-03 10:50:00-04:00,305.2799987792969,305.9700012207031,305.2349853515625,305.4100036621094,654260
2026-08-03 10:55:00-04:00,305.4150085449219,305.6600036621094,305.0201110839844,305.3500061035156,697416
2026-08-03 11:00:00-04:00,305.3450012207031,305.6700134277344,304.8122863769531,304.9649963378906,1013222
2026-08-03 11:05:00-04:00,304.95001220703125,305.0899963378906,304.6000061035156,304.8900146484375,767064
2026-08-03 11:10:00-04:00,304.8949890136719,305.489990234375,304.86749267578125,305.1571960449219,768514
2026-08-03 11:15:00-04:00,305.1499938964844,305.79998779296875,305.1000061035156,305.19000244140625,1042650
2026-08-03 11:20:00-04:00,305.19500732421875,305.2099914550781,304.7200012207031,304.8949890136719,706856
2026-08-03 11:25:00-04:00,304.8949890136719,304.8949890136719,303.8999938964844,304.2149963378906,1022063
2026-08-03 11:30:00-04:00,304.2149963378906,304.2300109863281,303.5,303.6199951171875,837865
2026-08-03 11:35:00-04:00,303.625,304.3949890136719,303.6000061035156,303.8089904785156,578605
2026-08-03 11:40:00-04:00,303.80999755859375,303.8800048828125,303.110107421875,303.16009521484375,694555
2026-08-03 11:45:00-04:00,303.1650085449219,303.1698913574219,302.55999755859375,302.7510986328125,688899
2026-08-03 11:50:00-04:00,302.7550048828125,303.19000244140625,302.7449951171875,303.0849914550781,472623
2026-08-03 11:55:00-04:00,303.0849914550781,303.7900085449219,303.0801086425781,303.7749938964844,533300
2026-08-03 12:00:00-04:00,303.7749938964844,304.44000244140625,303.7300109863281,304.33990478515625,673800
2026-08-03 12:05:00-04:00,304.3349914550781,305.0400085449219,304.0350036621094,304.1099853515625,954021
2026-08-03 12:10:00-04:00,304.1050109863281,304.3599853515625,303.7349853515625,304.04010009765625,556524
2026-08-03 12:15:00-04:00,304.0450134277344,304.5299987792969,304.0400085449219,304.4599914550781,540173
2026-08-03 12:20:00-04:00,304.45098876953125,305.17999267578125,304.45001220703125,305.1449890136719,609664
2026-08-03 12:25:00-04:00,305.1449890136719,306.3599853515625,305.04998779296875,306.3599853515625,877532
2026-08-03 12:30:00-04:00,306.3500061035156,306.8900146484375,306.3500061035156,306.41009521484375,894601
2026-08-03 12:35:00-04:00,306.4100036621094,306.8800048828125,306.0450134277344,306.875,655670
2026-08-03 12:40:00-04:00,306.8799133300781,307.17999267578125,306.5199890136719,306.6600036621094,641576
2026-08-03 12:45:00-04:00,306.6690979003906,306.6700134277344,305.8999938964844,306.2049865722656,507986
2026-08-03 12:50:00-04:00,306.2099914550781,306.7699890136719,306.1449890136719,306.55499267578125,649150
2026-08-03 12:55:00-04:00,306.56988525390625,306.6700134277344,306.35009765625,306.6099853515625,302700
2026-08-03 13:00:00-04:00,306.614990234375,306.94500732421875,306.3699951171875,306.94500732421875,357675
2026-08-03 13:05:00-04:00,306.94500732421875,307.07000732421875,306.5899963378906,306.82501220703125,378412
2026-08-03 13:10:00-04:00,306.822509765625,307.0,306.5299987792969,306.7049865722656,745081
2026-08-03 13:15:00-04:00,306.7049865722656,307.2699890136719,306.6650085449219,307.0599060058594,478216
2026-08-03 13:20:00-04:00,307.05010986328125,307.2300109863281,306.80010986328125,307.2001037597656,849207
2026-08-03 13:25:00-04:00,307.20001220703125,307.5400085449219,307.1600036621094,307.2250061035156,438773
2026-08-03 13:30:00-04:00,307.2250061035156,307.2300109863281,306.70001220703125,306.81500244140625,394381
2026-08-03 13:35:00-04:00,306.81500244140625,306.82000732421875,306.19000244140625,306.5350036621094,458029
2026-08-03 13:40:00-04:00,306.5350036621094,306.79998779296875,306.5,306.7900085449219,291687
2026-08-03 13:45:00-04:00,306.7799987792969,306.7898864746094,306.12060546875,306.2499084472656,360122
2026-08-03 13:50:00-04:00,306.25,306.3999938964844,305.8999938964844,305.9501037597656,346268
2026-08-03 13:55:00-04:00,305.95098876953125,306.17999267578125,305.53009033203125,306.07501220703125,572136
2026-08-03 14:00:00-04:00,306.07110595703125,306.44000244140625,306.010009765625,306.20001220703125,465452
2026-08-03 14:05:00-04:00,306.19500732421875,306.3599853515625,305.8949890136719,306.0450134277344,450270
2026-08-03 14:10:00-04:00,306.04010009765625,306.19500732421875,305.8349914550781,305.9849853515625,417401
2026-08-03 14:15:00-04:00,305.989990234375,306.3900146484375,305.989990234375,306.24249267578125,332842
2026-08-03 14:20:00-04:00,306.2449951171875,306.2900085449219,305.95001220703125,305.95001220703125,271332
2026-08-03 14:25:00-04:00,305.9549865722656,306.05999755859375,305.5,305.5202941894531,387032
2026-08-03 14:30:00-04:00,305.5299987792969,305.8450012207031,305.3800048828125,305.59991455078125,395470
2026-08-03 14:35:00-04:00,305.590087890625,305.6499938964844,305.2699890136719,305.2799987792969,450707
2026-08-03 14:40:00-04:00,305.2699890136719,305.489990234375,305.0199890136719,305.0849914550781,498181
2026-08-03 14:45:00-04:00,305.0849914550781,305.2749938964844,304.8999938964844,305.0400085449219,492543
2026-08-03 14:50:00-04:00,305.0400085449219,305.3500061035156,304.9549865722656,305.1300048828125,376191
2026-08-03 14:55:00-04:00,305.1400146484375,305.57000732421875,305.11248779296875,305.2099914550781,454852
2026-08-03 15:00:00-04:00,305.2099914550781,305.5899963378906,305.1449890136719,305.44000244140625,375185
2026-08-03 15:05:00-04:00,305.45001220703125,305.9700012207031,305.25,305.8450012207031,536221
2026-08-03 15:10:00-04:00,305.84051513671875,305.92999267578125,305.6600036621094,305.9049987792969,465281
2026-08-03 15:15:00-04:00,305.9049987792969,305.95001220703125,305.4100036621094,305.57501220703125,471305
2026-08-03 15:20:00-04:00,305.57501220703125,305.6300048828125,304.79998779296875,305.0150146484375,613650
2026-08-03 15:25:00-04:00,305.0150146484375,305.0799865722656,304.92498779296875,305.0450134277344,499343
2026-08-03 15:30:00-04:00,305.0450134277344,305.0799865722656,304.8900146484375,304.9100036621094,515359
2026-08-03 15:35:00-04:00,304.9049987792969,305.04998779296875,304.8999938964844,305.0,347113
2026-08-03 15:40:00-04:00,305.0,305.010009765625,304.45001220703125,304.82501220703125,895948
2026-08-03 15:45:00-04:00,304.82501220703125,304.8251037597656,303.8999938964844,304.010009765625,1559634
2026-08-03 15:50:00-04:00,304.0,304.5,303.0,303.4010009765625,2344410
2026-08-03 15:55:00-04:00,303.3999938964844,303.489990234375,302.67999267578125,303.2699890136719,4523603
2026-08-04 09:30:00-04:00,303.7900085449219,304.489990234375,302.7300109863281,304.3399963378906,5266555
2026-08-04 09:35:00-04:00,304.2900085449219,304.456787109375,302.45001220703125,303.2650146484375,1908938
2026-08-04 09:40:00-04:00,303.260009765625,303.8900146484375,302.7099914550781,303.8399963378906,1429938
2026-08-04 09:45:00-04:00,303.79998779296875,305.07000732421875,303.69000244140625,304.7550048828125,1179887
2026-08-04 09:50:00-04:00,304.7200012207031,305.3699951171875,304.0911865234375,304.2099914550781,991966
2026-08-04 09:55:00-04:00,304.17999267578125,305.3999938964844,303.9989929199219,305.29998779296875,889462
2026-08-04 10:00:00-04:00,305.2850036621094,305.4200134277344,304.55999755859375,304.7950134277344,611925
2026-08-04 10:05:00-04:00,304.79998779296875,305.57000732421875,304.4100036621094,305.5299987792969,678836
2026-08-04 10:10:00-04:00,305.5299987792969,305.8699951171875,305.0299987792969,305.75,827227
2026-08-04 10:15:00-04:00,305.760009765625,306.760009765625,305.7099914550781,306.614990234375,962338
2026-08-04 10:20:00-04:00,306.6000061035156,307.1400146484375,306.55499267578125,306.7900085449219,912977
2026-08-04 10:25:00-04:00,306.7749938964844,306.9599914550781,306.4800109863281,306.80999755859375,711195
2026-08-04 10:30:00-04:00,306.8599853515625,306.89990234375,306.07000732421875,306.2950134277344,689679
2026-08-04 10:35:00-04:00,306.2799987792969,306.5,305.7699890136719,305.8550109863281,599934
2026-08-04 10:40:00-04:00,305.8550109863281,305.9068908691406,305.2250061035156,305.4800109863281,468958
2026-08-04 10:45:00-04:00,305.4750061035156,306.4200134277344,305.3999938964844,306.32000732421875,381240
2026-08-04 10:50:00-04:00,306.3122863769531,306.510009765625,305.9700012207031,306.1000061035156,431779
2026-08-04 10:55:00-04:00,306.1099853515625,306.25,306.0,306.2349853515625,734473
2026-08-04 11:00:00-04:00,306.25,306.25,305.8800048828125,306.1400146484375,341780
2026-08-04 11:05:00-04:00,306.159912109375,306.4200134277344,305.9700012207031,306.3900146484375,547630
2026-08-04 11:10:00-04:00,306.3800048828125,306.5,306.1600036621094,306.2423095703125,374047
2026-08-04 11:15:00-04:00,306.2699890136719,306.44000244140625,306.010009765625,306.1000061035156,348355
2026-08-04 11:20:00-04:00,306.09991455078125,306.489990234375,305.80999755859375,306.4649963378906,414670
2026-08-04 11:25:00-04:00,306.45001220703125,306.5716857910156,305.6000061035156,305.67388916015625,423094
2026-08-04 11:30:00-04:00,305.6700134277344,305.989990234375,305.489990234375,305.95001220703125,366583
2026-08-04 11:35:00-04:00,305.9800109863281,306.7300109863281,305.9599914550781,306.44000244140625,426475
2026-08-04 11:40:00-04:00,306.43011474609375,306.4800109863281,306.1199951171875,306.2598876953125,253586
2026-08-04 11:45:00-04:00,306.260009765625,306.5400085449219,306.1000061035156,306.3794860839844,264088
2026-08-04 11:50:00-04:00,306.3800048828125,306.6700134277344,306.2300109863281,306.2699890136719,670091
2026-08-04 11:55:00-04:00,306.260009765625,306.3949890136719,306.1300048828125,306.3450012207031,257297
2026-08-04 12:00:00-04:00,306.3374938964844,306.45001220703125,306.1449890136719,306.1993103027344,472346
2026-08-04 12:05:00-04:00,306.19000244140625,306.25,305.6700134277344,305.92498779296875,336621
2026-08-04 12:10:00-04:00,305.9200134277344,306.3900146484375,305.8999938964844,306.3515930175781,277168
2026-08-04 12:15:00-04:00,306.3500061035156,306.3900146484375,305.8299865722656,305.8699951171875,272290
2026-08-04 12:20:00-04:00,305.8699951171875,306.32000732421875,305.82000732421875,306.2300109863281,282484
2026-08-04 12:25:00-04:00,306.239990234375,306.7200012207031,306.17999267578125,306.5050048828125,396268
2026-08-04 12:30:00-04:00,306.5050048828125,306.54998779296875,306.3399963378906,306.4649963378906,232975
2026-08-04 12:35:00-04:00,306.4750061035156,306.95001220703125,306.4704895019531,306.739990234375,474668
2026-08-04 12:40:00-04:00,306.7449951171875,307.8399963378906,306.7200012207031,307.7650146484375,645293
2026-08-04 12:45:00-04:00,307.739990234375,307.989990234375,307.4200134277344,307.8999938964844,553016
2026-08-04 12:50:00-04:00,307.9590148925781,308.6000061035156,307.91009521484375,308.2200012207031,657419
2026-08-04 12:55:00-04:00,308.2200012207031,308.3699951171875,308.0799865722656,308.2453918457031,0
2026-08-04 13:00:00-04:00,308.2300109863281,309.29998779296875,308.20001220703125,309.29998779296875,627252
2026-08-04 13:05:00-04:00,309.2850036621094,309.75,309.2799987792969,309.614990234375,680438
2026-08-04 13:10:00-04:00,309.610107421875,310.4200134277344,309.6099853515625,310.12200927734375,785537
2026-08-04 13:15:00-04:00,310.1300048828125,310.25,309.6600036621094,309.70001220703125,516736
2026-08-04 13:20:00-04:00,309.69000244140625,309.7099914550781,308.8999938964844,308.9277038574219,474432
2026-08-04 13:25:00-04:00,308.9200134277344,309.1499938964844,308.8599853515625,308.8999938964844,396471
2026-08-04 13:30:00-04:00,308.8999938964844,309.0,308.6600036621094,308.72808837890625,319683
2026-08-04 13:35:00-04:00,308.7300109863281,309.3399963378906,308.7099914550781,309.322998046875,415352
2026-08-04 13:40:00-04:00,309.32501220703125,309.6000061035156,309.29998779296875,309.5830078125,388575
2026-08-04 13:45:00-04:00,309.55999755859375,310.1300048828125,309.5400085449219,309.9206848144531,585617
2026-08-04 13:50:00-04:00,309.9100036621094,309.9100036621094,309.4700012207031,309.60321044921875,352134
2026-08-04 13:55:00-04:00,309.5799865722656,309.94000244140625,309.3299865722656,309.3599853515625,320677
2026-08-04 14:00:00-04:00,309.3399963378906,309.91241455078125,309.25,309.8399963378906,1106554
2026-08-04 14:05:00-04:00,309.8299865722656,309.989990234375,309.6700134277344,309.95001220703125,320244
2026-08-04 14:10:00-04:00,309.94000244140625,310.0950012207031,309.8800048828125,310.0299987792969,280314
2026-08-04 14:15:00-04:00,310.0199890136719,310.1199951171875,309.80999755859375,309.8999938964844,366533
2026-08-04 14:20:00-04:00,309.9049987792969,309.92498779296875,309.3599853515625,309.48651123046875,331539
2026-08-04 14:25:00-04:00,309.4649963378906,309.5199890136719,309.20001220703125,309.32000732421875,267704
2026-08-04 14:30:00-04:00,309.30999755859375,309.5,309.0899963378906,309.1400146484375,294201
2026-08-04 14:35:00-04:00,309.1400146484375,309.19000244140625,308.8800048828125,308.92999267578125,282621
2026-08-04 14:40:00-04:00,308.93499755859375,308.93499755859375,308.6400146484375,308.81500244140625,291716
2026-08-04 14:45:00-04:00,308.82000732421875,309.1199951171875,308.79998779296875,309.0400085449219,287433
2026-08-04 14:50:00-04:00,309.04779052734375,309.2300109863281,309.010009765625,309.18499755859375,222561
2026-08-04 14:55:00-04:00,309.19000244140625,309.28851318359375,308.4800109863281,308.5199890136719,492299
2026-08-04 15:00:00-04:00,308.5249938964844,308.8799133300781,308.5,308.6499938964844,404070
2026-08-04 15:05:00-04:00,308.6400146484375,308.70001220703125,308.25,308.5199890136719,442056
2026-08-04 15:10:00-04:00,308.5299987792969,308.8500061035156,308.5199890136719,308.7200012207031,466547
2026-08-04 15:15:00-04:00,308.7250061035156,308.8599853515625,308.57000732421875,308.739990234375,434599
2026-08-04 15:20:00-04:00,308.7349853515625,309.57000732421875,308.7099914550781,309.53228759765625,516743
2026-08-04 15:25:00-04:00,309.54998779296875,309.79998779296875,309.4750061035156,309.5799865722656,550780
2026-08-04 15:30:00-04:00,309.5799865722656,310.0799865722656,309.510009765625,310.07000732421875,560458
2026-08-04 15:35:00-04:00,310.06500244140625,310.239990234375,310.0,310.04998779296875,508932
2026-08-04 15:40:00-04:00,310.07000732421875,310.2900085449219,309.9700012207031,310.2749938964844,528676
2026-08-04 15:45:00-04:00,310.260009765625,310.4200134277344,310.1000061035156,310.3757019042969,629005
2026-08-04 15:50:00-04:00,310.3999938964844,310.3999938964844,309.3999938964844,309.6499938964844,1320579
2026-08-04 15:55:00-04:00,309.6499938964844,309.8699951171875,308.8800048828125,309.3900146484375,2163658
2026-08-05 09:30:00-04:00,309.3599853515625,309.3800048828125,307.6499938964844,308.6300048828125,3202077
2026-08-05 09:35:00-04:00,308.635009765625,308.635009765625,305.6700134277344,307.760009765625,1714140
2026-08-05 09:40:00-04:00,307.7749938964844,308.2900085449219,307.1300048828125,308.1600036621094,733779
2026-08-05 09:45:00-04:00,308.1700134277344,308.19500732421875,307.2701110839844,307.2850036621094,584362
2026-08-05 09:50:00-04:00,307.28009033203125,308.239990234375,306.8900146484375,307.7701110839844,789224
2026-08-05 09:55:00-04:00,307.7900085449219,308.1825866699219,307.6401062011719,308.0,471345
2026-08-05 10:00:00-04:00,307.9800109863281,308.3494873046875,307.5299987792969,308.3299865722656,557067
2026-08-05 10:05:00-04:00,308.32000732421875,308.3944091796875,307.62860107421875,307.67498779296875,446126
2026-08-05 10:10:00-04:00,307.67999267578125,308.5,307.3500061035156,308.4198913574219,473959
2026-08-05 10:15:00-04:00,308.3999938964844,308.7099914550781,308.05999755859375,308.28009033203125,480901
2026-08-05 10:20:00-04:00,308.2799987792969,309.0498962402344,308.2550048828125,308.3349914550781,519681
2026-08-05 10:25:00-04:00,308.3450012207031,308.3550109863281,306.7200012207031,306.7275085449219,572287
2026-08-05 10:30:00-04:00,306.70001220703125,307.05999755859375,306.2699890136719,306.8299865722656,629632
2026-08-05 10:35:00-04:00,306.8389892578125,307.67999267578125,306.7699890136719,307.5408935546875,563542
2026-08-05 10:40:00-04:00,307.57501220703125,308.8800048828125,307.5400085449219,308.84991455078125,579557
2026-08-05 10:45:00-04:00,308.8500061035156,310.0799865722656,308.8299865722656,309.9299011230469,802777
2026-08-05 10:50:00-04:00,309.9100036621094,311.2200012207031,309.9100036621094,310.7099914550781,939261
2026-08-05 10:55:00-04:00,310.7300109863281,311.3599853515625,310.3900146484375,311.32501220703125,605125
2026-08-05 11:00:00-04:00,311.3399963378906,311.3699951171875,310.5899963378906,311.0350036621094,563531
2026-08-05 11:05:00-04:00,311.0400085449219,311.6600036621094,310.8540954589844,311.5450134277344,617726
2026-08-05 11:10:00-04:00,311.5465087890625,311.70819091796875,310.5199890136719,310.5199890136719,542961
2026-08-05 11:15:00-04:00,310.510009765625,310.6050109863281,309.30999755859375,309.8299865722656,825045
2026-08-05 11:20:00-04:00,309.80999755859375,309.92950439453125,309.5,309.70001220703125,356274
2026-08-05 11:25:00-04:00,309.69000244140625,309.70001220703125,308.4200134277344,308.5950012207031,401258
2026-08-05 11:30:00-04:00,308.5950012207031,309.0,308.57000732421875,308.6499938964844,351705
2026-08-05 11:35:00-04:00,308.6600036621094,308.75,308.17999267578125,308.41571044921875,318861
2026-08-05 11:40:00-04:00,308.43499755859375,308.489990234375,308.1400146484375,308.2650146484375,280228
2026-08-05 11:45:00-04:00,308.2651062011719,308.3299865722656,307.8299865722656,308.04998779296875,361086
2026-08-05 11:50:00-04:00,308.0299987792969,308.4800109863281,307.9100036621094,308.4049987792969,341802
2026-08-05 11:55:00-04:00,308.3987121582031,308.5198974609375,307.8500061035156,307.9700012207031,423331
2026-08-05 12:00:00-04:00,307.9700012207031,308.92498779296875,307.9599914550781,308.70001220703125,545235
2026-08-05 12:05:00-04:00,308.7008972167969,309.44000244140625,308.6401062011719,309.20001220703125,379025
2026-08-05 12:10:00-04:00,309.20001220703125,309.3800048828125,308.8900146484375,309.0950012207031,314061
2026-08-05 12:15:00-04:00,309.0899963378906,309.1055908203125,308.8800048828125,308.92498779296875,199962
2026-08-05 12:20:00-04:00,308.9200134277344,309.3299865722656,308.8504943847656,309.0299987792969,186103
2026-08-05 12:25:00-04:00,309.03570556640625,309.2300109863281,308.60009765625,308.639892578125,229203
2026-08-05 12:30:00-04:00,308.6300048828125,308.989990234375,308.45001220703125,308.92498779296875,246819
2026-08-05 12:35:00-04:00,308.92999267578125,309.1199951171875,308.6499938964844,308.69000244140625,232552
2026-08-05 12:40:00-04:00,308.6600036621094,309.3399963378906,308.6600036621094,309.2900085449219,324801
2026-08-05 12:45:00-04:00,309.2799987792969,309.3399963378906,308.8999938964844,309.05999755859375,170475
2026-08-05 12:50:00-04:00,309.05999755859375,309.1000061035156,308.8299865722656,309.05499267578125,195399
2026-08-05 12:55:00-04:00,309.05499267578125,309.1199951171875,308.75,308.8299865722656,202819
2026-08-05 13:00:00-04:00,308.8299865722656,309.125,308.82000732421875,309.0400085449219,170091
2026-08-05 13:05:00-04:00,309.0299987792969,309.364990234375,308.92999267578125,309.2699890136719,201422
2026-08-05 13:10:00-04:00,309.2699890136719,309.7699890136719,309.25,309.7200012207031,268049
2026-08-05 13:15:00-04:00,309.7149963378906,309.9800109863281,309.6600036621094,309.7699890136719,225979
2026-08-05 13:20:00-04:00,309.7749938964844,309.8494873046875,309.5799865722656,309.80999755859375,205823
2026-08-05 13:25:00-04:00,309.7799987792969,309.82000732421875,309.5899963378906,309.739990234375,154422
2026-08-05 13:30:00-04:00,309.75,310.1700134277344,309.6400146484375,310.1449890136719,247380
2026-08-05 13:35:00-04:00,310.1400146484375,310.2200012207031,309.67999267578125,309.760009765625,258752
2026-08-05 13:40:00-04:00,309.7650146484375,309.95001220703125,309.4200134277344,309.625,232894
2026-08-05 13:45:00-04:00,309.6050109863281,309.6099853515625,309.1400146484375,309.24200439453125,240692
2026-08-05 13:50:00-04:00,309.239990234375,309.2950134277344,308.989990234375,309.1400146484375,188362
2026-08-05 13:55:00-04:00,309.1400146484375,309.17999267578125,308.739990234375,308.9200134277344,178093
2026-08-05 14:00:00-04:00,308.9200134277344,308.9599914550781,308.6000061035156,308.7300109863281,185603
2026-08-05 14:05:00-04:00,308.7049865722656,308.7650146484375,308.57000732421875,308.57000732421875,139868
